year_week,seller_state,orders_count,weekly_revenue,cancellations
2016-W35,MG,1,272.46,0
2016-W36,PR,1,75.06,1
2016-W39,SP,1,109.34,1
2016-W40,SP,149,37958.06,4
2016-W40,PR,34,10289.49,1
2016-W40,RJ,41,10264.28,4
2016-W40,MG,19,4229.9,3
2016-W40,SC,12,2624.89,0
2016-W40,RS,6,1509.7,1
2016-W40,DF,4,637.17,0
2016-W40,MS,3,584.81,0
2016-W40,AC,1,299.84,0
2016-W40,ES,2,233.37,0
2016-W40,BA,1,94.51,0
2016-W40,CE,1,90.23,0
2016-W41,SP,23,3478.85,0
2016-W41,PR,4,556.51,0
2016-W41,MG,5,427.68,0
2016-W41,RJ,2,169.58,0
2016-W41,RS,2,157.87,0
2016-W41,SC,1,116.16,0
2016-W51,PR,1,19.62,0
2017-W01,SP,13,3413.79,0
2017-W01,PR,32,1210.62,0
2017-W01,RJ,1,175.28,0
2017-W02,SP,41,5818.5,1
2017-W02,DF,9,3799.18,0
2017-W02,PR,13,2483.11,0
2017-W02,BA,3,2297.6,0
2017-W02,SC,3,853.0,0
2017-W02,MG,7,751.75,0
2017-W02,RJ,2,422.6,0
2017-W02,RS,1,191.4,0
2017-W03,SP,133,24350.51,0
2017-W03,PR,25,7088.28,0
2017-W03,MG,19,3097.49,0
2017-W03,RS,3,2262.8,0
2017-W03,SC,7,1920.69,0
2017-W03,RJ,7,1871.62,0
2017-W03,ES,1,32.77,0
2017-W04,SP,195,46422.44,0
2017-W04,PR,45,13151.1,1
2017-W04,RJ,33,7309.78,0
2017-W04,MG,41,6464.05,0
2017-W04,SC,23,3811.91,0
2017-W04,PE,1,2023.0,0
2017-W04,RS,5,1191.36,0
2017-W04,BA,2,835.68,0
2017-W04,DF,3,465.92,0
2017-W04,MS,2,439.11,0
2017-W04,ES,2,243.5,0
2017-W04,CE,2,78.82,0
2017-W05,SP,260,47747.24,1
2017-W05,PR,55,21031.0,0
2017-W05,SC,18,14134.1,0
2017-W05,MG,63,12724.09,0
2017-W05,RJ,34,6168.47,0
2017-W05,RS,9,1973.06,0
2017-W05,BA,6,1435.02,1
2017-W05,AM,1,984.26,0
2017-W05,CE,2,804.91,0
2017-W05,PB,1,412.12,0
2017-W05,SE,1,145.9,0
2017-W05,PE,1,124.35,0
2017-W05,ES,1,121.05,0
2017-W05,GO,1,95.6,0
2017-W06,SP,326,58221.01,2
2017-W06,MG,79,13551.73,2
2017-W06,PR,44,9974.32,0
2017-W06,SC,32,6580.5,0
2017-W06,RJ,22,5906.2,0
2017-W06,BA,9,4789.13,0
2017-W06,CE,5,1795.62,0
2017-W06,RS,12,1201.92,0
2017-W06,PE,1,273.18,0
2017-W06,MS,1,192.55,0
2017-W06,ES,1,116.43,0
2017-W06,DF,1,109.15,0
2017-W06,GO,1,36.94,0
2017-W07,SP,285,53052.92,1
2017-W07,MG,36,6356.85,0
2017-W07,PR,24,5520.47,1
2017-W07,SC,18,3664.56,0
2017-W07,ES,2,3510.43,0
2017-W07,RJ,9,2299.57,0
2017-W07,DF,3,1926.43,1
2017-W07,RS,10,1733.28,0
2017-W07,CE,4,1056.52,0
2017-W07,BA,4,713.65,0
2017-W07,PE,1,45.7,0
2017-W08,SP,262,44420.58,3
2017-W08,MG,40,10263.23,1
2017-W08,PR,30,6892.57,0
2017-W08,RJ,11,3336.2,0
2017-W08,SC,15,3120.15,0
2017-W08,RS,8,1923.32,0
2017-W08,MS,2,1035.63,0
2017-W08,BA,2,311.55,0
2017-W08,DF,1,196.75,0
2017-W08,ES,1,116.3,0
2017-W08,PE,1,80.78,0
2017-W08,CE,1,29.84,0
2017-W09,SP,301,60960.24,4
2017-W09,PR,43,14032.53,0
2017-W09,MG,77,12061.88,1
2017-W09,RS,13,5192.05,0
2017-W09,RJ,13,3662.36,0
2017-W09,SC,21,2454.86,0
2017-W09,ES,4,1567.37,0
2017-W09,BA,2,1000.98,0
2017-W09,DF,5,857.96,0
2017-W09,MS,2,471.95,0
2017-W09,CE,1,177.38,0
2017-W10,SP,370,70113.01,4
2017-W10,PR,49,16176.64,0
2017-W10,MG,84,11189.7,0
2017-W10,RS,18,6509.36,0
2017-W10,RJ,16,5314.04,1
2017-W10,SC,27,5016.36,2
2017-W10,CE,2,939.55,0
2017-W10,GO,2,322.54,0
2017-W10,DF,2,294.32,0
2017-W10,PB,1,189.62,0
2017-W10,BA,1,171.49,0
2017-W10,AM,1,135.25,0
2017-W11,SP,415,84850.27,4
2017-W11,PR,52,16206.18,0
2017-W11,SC,28,8286.89,0
2017-W11,RJ,27,7989.73,0
2017-W11,MG,62,7672.96,1
2017-W11,RS,11,1718.74,0
2017-W11,PE,3,1503.65,0
2017-W11,ES,2,1024.72,0
2017-W11,DF,5,660.32,0
2017-W11,CE,4,446.28,0
2017-W11,GO,3,402.32,0
2017-W11,MS,1,208.81,0
2017-W11,AM,1,139.29,0
2017-W12,SP,412,71272.85,4
2017-W12,MG,74,15204.54,2
2017-W12,SC,40,10685.8,0
2017-W12,PR,36,9358.12,0
2017-W12,RJ,27,5186.0,0
2017-W12,RS,31,4338.36,0
2017-W12,ES,4,2430.71,0
2017-W12,DF,8,1167.8,0
2017-W12,CE,1,637.81,0
2017-W12,PB,2,453.62,0
2017-W12,MS,2,418.66,0
2017-W12,GO,4,325.67,1
2017-W12,BA,1,308.45,0
2017-W13,SP,373,79616.53,2
2017-W13,MG,66,13057.69,1
2017-W13,PR,37,8014.24,0
2017-W13,RJ,22,7448.83,0
2017-W13,SC,29,5425.25,0
2017-W13,RS,18,1628.05,0
2017-W13,BA,3,986.88,0
2017-W13,DF,3,582.52,0
2017-W13,ES,5,569.8,0
2017-W13,GO,3,230.39,0
2017-W13,CE,1,181.98,0
2017-W13,PB,2,174.21,0
2017-W13,PE,1,50.7,0
2017-W14,SP,388,88620.84,0
2017-W14,MG,63,15424.93,0
2017-W14,RJ,35,9461.2,0
2017-W14,SC,31,7294.65,0
2017-W14,PR,33,6218.62,2
2017-W14,RS,18,3899.61,1
2017-W14,BA,6,1947.15,1
2017-W14,ES,3,514.41,0
2017-W14,DF,4,423.1,0
2017-W14,GO,3,350.34,0
2017-W14,CE,1,64.55,0
2017-W15,SP,288,42324.88,3
2017-W15,PR,43,11749.37,0
2017-W15,MG,42,7417.84,0
2017-W15,RJ,19,5837.88,0
2017-W15,SC,28,5473.73,1
2017-W15,ES,5,1020.44,0
2017-W15,RS,7,961.88,0
2017-W15,GO,4,914.66,0
2017-W15,DF,6,802.85,0
2017-W16,SP,374,75150.01,2
2017-W16,PR,54,13069.18,1
2017-W16,MG,52,8621.34,0
2017-W16,RJ,24,8303.91,0
2017-W16,SC,33,7299.18,0
2017-W16,DF,9,2003.75,0
2017-W16,RS,12,1571.65,0
2017-W16,GO,6,810.66,0
2017-W16,ES,2,772.23,0
2017-W16,BA,1,689.38,0
2017-W16,CE,1,26.28,0
2017-W17,SP,449,73819.33,6
2017-W17,SC,39,19898.9,7
2017-W17,MG,79,16093.68,0
2017-W17,PR,49,13585.73,0
2017-W17,RS,29,5968.46,0
2017-W17,RJ,8,3605.23,0
2017-W17,RN,3,2321.05,0
2017-W17,MS,4,731.76,0
2017-W17,ES,4,614.85,0
2017-W17,GO,4,527.07,0
2017-W17,RO,1,355.11,0
2017-W17,DF,2,189.33,0
2017-W17,BA,1,94.18,0
2017-W18,SP,524,84125.54,0
2017-W18,PR,51,14461.09,0
2017-W18,MG,101,13782.7,0
2017-W18,SC,47,11371.74,0
2017-W18,RJ,18,6050.98,0
2017-W18,RS,19,2676.63,0
2017-W18,ES,3,855.6,0
2017-W18,GO,2,661.19,0
2017-W18,DF,7,582.93,0
2017-W18,MS,2,347.62,0
2017-W18,CE,3,338.44,0
2017-W18,PB,2,323.77,0
2017-W18,BA,1,321.38,0
2017-W19,SP,575,123216.98,8
2017-W19,MG,72,22753.03,0
2017-W19,PR,44,10071.23,0
2017-W19,RJ,25,4733.99,0
2017-W19,SC,27,4513.0,0
2017-W19,RS,18,2888.84,0
2017-W19,ES,7,1382.11,0
2017-W19,RN,2,1271.99,0
2017-W19,MS,4,936.76,0
2017-W19,GO,6,526.9,0
2017-W19,DF,6,519.53,0
2017-W19,BA,1,127.14,0
2017-W20,SP,650,122237.3,3
2017-W20,MG,124,21061.69,2
2017-W20,PR,64,11288.85,0
2017-W20,SC,41,10752.1,0
2017-W20,RJ,21,6365.75,0
2017-W20,RS,21,2925.72,0
2017-W20,ES,6,1283.86,0
2017-W20,RO,1,1233.42,0
2017-W20,BA,2,695.56,0
2017-W20,GO,4,466.06,0
2017-W20,DF,4,195.88,0
2017-W20,MS,1,107.1,0
2017-W20,PE,1,50.05,0
2017-W21,SP,540,109946.4,12
2017-W21,MG,84,14328.3,0
2017-W21,RJ,29,9089.12,0
2017-W21,SC,45,8652.7,0
2017-W21,PR,50,7795.68,0
2017-W21,GO,4,7042.61,0
2017-W21,RS,13,1294.01,0
2017-W21,DF,6,889.69,0
2017-W21,ES,6,793.65,0
2017-W21,BA,1,455.31,0
2017-W21,PE,1,171.57,0
2017-W21,MS,1,159.3,0
2017-W22,SP,581,103896.76,5
2017-W22,PR,53,17609.84,0
2017-W22,MG,83,10454.14,0
2017-W22,RJ,33,10354.13,0
2017-W22,RS,23,4935.49,1
2017-W22,SC,35,4606.07,0
2017-W22,BA,5,1584.49,0
2017-W22,RO,1,1250.42,0
2017-W22,ES,6,1209.57,0
2017-W22,DF,5,825.74,0
2017-W22,GO,4,586.59,0
2017-W22,SE,1,128.08,0
2017-W22,MT,1,108.76,0
2017-W23,SP,586,104359.77,0
2017-W23,MG,87,13114.32,0
2017-W23,PR,57,11535.7,0
2017-W23,RJ,33,7696.43,1
2017-W23,SC,33,6180.24,0
2017-W23,RS,25,5411.06,0
2017-W23,BA,4,1179.27,0
2017-W23,ES,7,956.86,0
2017-W23,GO,4,799.75,0
2017-W23,DF,3,371.27,0
2017-W23,PE,1,180.1,0
2017-W24,SP,542,104776.34,5
2017-W24,MG,78,16518.48,0
2017-W24,PR,47,9273.85,0
2017-W24,SC,27,5789.13,0
2017-W24,BA,4,2590.98,0
2017-W24,RJ,15,2388.71,1
2017-W24,RS,13,1801.37,1
2017-W24,GO,8,1013.32,0
2017-W24,DF,10,893.44,0
2017-W24,ES,3,429.92,0
2017-W24,PE,3,201.9,0
2017-W24,CE,1,171.79,0
2017-W25,SP,481,91392.25,2
2017-W25,PR,43,10361.1,0
2017-W25,MG,63,8176.12,0
2017-W25,SC,33,6962.35,0
2017-W25,RJ,17,5668.1,1
2017-W25,RS,15,2224.81,1
2017-W25,ES,3,394.59,0
2017-W25,DF,3,344.78,0
2017-W25,GO,2,237.81,0
2017-W26,SP,525,90635.67,1
2017-W26,PR,43,9874.16,0
2017-W26,MG,65,8885.42,0
2017-W26,RS,15,6120.83,0
2017-W26,RJ,21,5012.83,0
2017-W26,SC,34,4267.32,0
2017-W26,BA,2,1954.79,0
2017-W26,PB,1,1003.42,0
2017-W26,GO,6,906.41,0
2017-W26,ES,5,652.21,0
2017-W26,RN,2,392.61,0
2017-W26,DF,2,151.12,0
2017-W26,PE,1,84.05,0
2017-W27,SP,595,103785.3,5
2017-W27,MG,66,12493.97,0
2017-W27,PR,54,10578.97,0
2017-W27,RS,23,5920.65,0
2017-W27,SC,38,5474.44,0
2017-W27,RJ,21,3245.92,1
2017-W27,ES,6,1722.29,0
2017-W27,GO,6,1210.9,0
2017-W27,DF,9,1136.52,0
2017-W27,BA,1,635.91,0
2017-W27,PE,1,90.81,0
2017-W28,SP,706,125331.2,5
2017-W28,MG,86,17836.45,0
2017-W28,PR,59,9191.08,0
2017-W28,SC,38,8331.35,0
2017-W28,RS,23,5319.59,0
2017-W28,RJ,19,2132.87,0
2017-W28,ES,9,1754.27,0
2017-W28,DF,4,728.22,0
2017-W28,GO,5,311.66,1
2017-W28,RO,1,193.07,0
2017-W28,BA,1,48.62,0
2017-W29,SP,710,134068.5,2
2017-W29,PR,60,18507.55,0
2017-W29,MG,72,15643.3,0
2017-W29,SC,53,10470.11,0
2017-W29,RJ,29,5302.48,0
2017-W29,DF,6,2700.02,0
2017-W29,RS,14,1948.08,0
2017-W29,PB,1,1150.54,0
2017-W29,GO,3,556.99,0
2017-W29,ES,3,419.9,0
2017-W29,BA,1,297.39,0
2017-W29,CE,2,249.22,0
2017-W29,PE,1,149.6,0
2017-W29,MT,1,70.82,0
2017-W30,SP,662,113533.42,30
2017-W30,MG,89,14331.39,1
2017-W30,PR,58,10605.28,0
2017-W30,SC,51,10135.6,2
2017-W30,RS,22,10065.56,0
2017-W30,RJ,18,5351.77,0
2017-W30,DF,10,1530.98,0
2017-W30,PB,1,1351.94,0
2017-W30,GO,3,835.84,0
2017-W30,ES,3,778.71,0
2017-W30,BA,3,700.61,0
2017-W30,PE,3,266.02,0
2017-W30,CE,1,208.74,0
2017-W31,SP,721,121732.41,24
2017-W31,MG,101,17238.73,1
2017-W31,PR,57,12271.39,0
2017-W31,SC,42,10508.86,2
2017-W31,RS,22,6784.08,0
2017-W31,RJ,17,2134.09,1
2017-W31,DF,9,1370.19,0
2017-W31,GO,5,806.5,0
2017-W31,RO,2,495.16,0
2017-W31,ES,2,279.03,0
2017-W31,BA,2,217.25,0
2017-W31,CE,1,171.79,0
2017-W31,MT,1,128.08,0
2017-W32,SP,683,135157.06,17
2017-W32,MG,86,23049.96,3
2017-W32,PR,59,14031.66,1
2017-W32,RS,19,5833.87,0
2017-W32,SC,39,5513.23,1
2017-W32,RJ,24,4034.24,0
2017-W32,GO,8,796.98,0
2017-W32,DF,6,720.79,0
2017-W32,ES,2,319.31,0
2017-W32,BA,1,101.35,0
2017-W32,CE,1,29.42,0
2017-W33,SP,769,123842.7,20
2017-W33,MG,88,16291.89,3
2017-W33,PR,59,15019.01,0
2017-W33,SC,48,10003.29,1
2017-W33,RJ,26,7927.91,2
2017-W33,RS,21,2986.61,0
2017-W33,RN,5,1720.64,0
2017-W33,DF,13,1535.74,2
2017-W33,ES,3,1081.99,0
2017-W33,CE,2,721.75,0
2017-W33,GO,5,619.28,0
2017-W34,SP,636,150238.34,13
2017-W34,MG,86,18440.63,0
2017-W34,PR,69,15234.54,1
2017-W34,SC,46,9741.91,4
2017-W34,RJ,22,6731.75,0
2017-W34,RS,20,3640.42,0
2017-W34,GO,4,572.88,0
2017-W34,ES,4,568.15,0
2017-W34,DF,4,449.33,0
2017-W34,BA,2,412.51,0
2017-W34,CE,1,316.31,0
2017-W34,RN,1,268.98,0
2017-W34,PE,1,73.37,0
2017-W34,MT,1,65.09,0
2017-W35,SP,690,141844.06,14
2017-W35,BA,56,58121.03,0
2017-W35,MG,93,14434.79,0
2017-W35,SC,47,8953.16,0
2017-W35,PR,52,7672.36,0
2017-W35,RJ,32,7419.95,0
2017-W35,RS,14,2339.18,0
2017-W35,DF,11,1905.0,0
2017-W35,ES,4,1855.72,0
2017-W35,GO,7,1312.45,0
2017-W35,PB,1,1299.28,0
2017-W35,RO,1,656.55,0
2017-W35,MT,2,176.31,0
2017-W36,SP,627,113678.82,3
2017-W36,BA,35,27005.49,0
2017-W36,MG,83,16721.31,0
2017-W36,PR,54,13258.36,0
2017-W36,RJ,27,5142.47,0
2017-W36,SC,33,4952.4,0
2017-W36,RS,17,2411.8,0
2017-W36,ES,5,1236.74,0
2017-W36,DF,9,1133.05,0
2017-W36,GO,4,819.17,0
2017-W36,PE,2,702.6,0
2017-W36,MT,1,60.53,0
2017-W37,SP,826,148429.62,4
2017-W37,MG,129,39664.33,1
2017-W37,BA,18,12509.38,0
2017-W37,PR,61,10793.04,1
2017-W37,RS,26,7154.9,0
2017-W37,SC,43,7124.69,1
2017-W37,DF,13,6133.01,0
2017-W37,RJ,35,6009.48,0
2017-W37,GO,7,781.02,0
2017-W37,ES,1,165.98,0
2017-W37,PA,1,134.75,0
2017-W37,CE,1,105.39,0
2017-W38,SP,706,130925.96,1
2017-W38,MG,77,13457.64,1
2017-W38,PR,59,12953.37,0
2017-W38,GO,14,11178.42,0
2017-W38,RJ,41,9708.46,0
2017-W38,SC,45,6938.94,0
2017-W38,RS,19,3931.39,0
2017-W38,BA,6,2860.84,0
2017-W38,DF,10,2668.16,1
2017-W38,PA,1,367.2,0
2017-W38,PE,1,332.71,0
2017-W38,RN,1,280.27,0
2017-W38,ES,1,140.08,0
2017-W38,CE,1,37.24,0
2017-W39,SP,658,241553.38,3
2017-W39,PR,69,21173.44,0
2017-W39,MG,85,13583.16,1
2017-W39,RJ,41,10392.28,0
2017-W39,BA,11,9621.61,0
2017-W39,SC,47,7911.54,0
2017-W39,RS,19,5009.16,0
2017-W39,DF,15,2128.96,0
2017-W39,CE,2,506.47,0
2017-W39,GO,3,445.68,0
2017-W39,MT,2,363.1,0
2017-W39,ES,2,264.16,0
2017-W39,RN,1,118.38,0
2017-W40,SP,709,156329.24,1
2017-W40,MG,91,30322.35,3
2017-W40,PR,60,14501.3,2
2017-W40,BA,17,11998.25,0
2017-W40,RJ,35,7279.8,0
2017-W40,SC,30,5856.85,0
2017-W40,RS,22,4278.94,0
2017-W40,DF,11,3842.3,0
2017-W40,MT,10,1855.34,0
2017-W40,ES,8,1598.27,0
2017-W40,GO,3,311.4,0
2017-W41,SP,755,147170.87,6
2017-W41,MG,101,19629.02,1
2017-W41,PR,63,16530.28,0
2017-W41,RJ,45,10143.49,0
2017-W41,BA,12,7627.57,0
2017-W41,RS,25,6374.99,0
2017-W41,SC,27,5073.55,0
2017-W41,DF,13,1829.39,0
2017-W41,MT,7,1279.83,0
2017-W41,MS,4,1184.36,0
2017-W41,GO,5,585.74,2
2017-W41,ES,3,427.17,0
2017-W42,SP,807,160782.4,4
2017-W42,MG,91,21697.89,0
2017-W42,PR,76,19702.25,0
2017-W42,RJ,44,14101.86,0
2017-W42,BA,19,9816.92,0
2017-W42,SC,39,7572.12,0
2017-W42,RS,25,7416.17,0
2017-W42,DF,18,5297.8,0
2017-W42,ES,8,2005.71,0
2017-W42,GO,5,813.84,0
2017-W42,MT,4,654.12,0
2017-W43,SP,702,142068.4,2
2017-W43,MG,77,16854.72,0
2017-W43,PR,76,13533.05,1
2017-W43,BA,15,12619.91,0
2017-W43,SC,27,9767.72,0
2017-W43,RJ,34,9649.8,0
2017-W43,RS,17,7979.34,0
2017-W43,DF,13,4190.23,1
2017-W43,GO,5,846.4,0
2017-W43,ES,4,485.09,0
2017-W43,PE,1,262.09,0
2017-W43,MT,1,181.55,0
2017-W44,SP,644,139699.9,3
2017-W44,MG,77,31426.12,0
2017-W44,BA,20,21596.53,0
2017-W44,RJ,38,11530.47,0
2017-W44,PR,62,11514.44,0
2017-W44,SC,40,7894.36,0
2017-W44,RS,17,5075.86,0
2017-W44,DF,18,2416.91,0
2017-W44,RN,1,1308.76,0
2017-W44,MT,4,1117.98,0
2017-W44,ES,3,782.35,0
2017-W44,GO,4,314.24,0
2017-W44,MS,2,253.48,0
2017-W44,SE,1,177.75,0
2017-W44,PE,1,64.05,1
2017-W45,SP,891,158008.84,10
2017-W45,PR,90,23188.11,0
2017-W45,MG,91,15809.44,2
2017-W45,RJ,44,12457.04,1
2017-W45,SC,39,8829.31,0
2017-W45,RS,24,6643.86,0
2017-W45,BA,6,3875.81,0
2017-W45,PB,2,3089.52,0
2017-W45,ES,7,3051.37,0
2017-W45,DF,8,668.18,0
2017-W45,GO,4,579.81,0
2017-W45,MT,3,305.95,0
2017-W46,SP,900,167666.65,12
2017-W46,RJ,88,22140.46,0
2017-W46,PR,95,21387.36,2
2017-W46,MG,117,20344.91,1
2017-W46,SC,48,17135.21,0
2017-W46,RS,25,7562.24,0
2017-W46,ES,7,1931.33,0
2017-W46,DF,8,1094.34,0
2017-W46,SE,1,842.7,0
2017-W46,MT,4,715.88,0
2017-W46,PA,1,357.13,0
2017-W46,RN,1,307.27,0
2017-W46,BA,1,257.56,0
2017-W46,GO,2,122.51,0
2017-W46,RO,1,96.38,0
2017-W47,SP,2127,396914.55,6
2017-W47,PR,222,72749.33,0
2017-W47,MG,249,51391.32,1
2017-W47,RS,54,50328.82,0
2017-W47,RJ,155,43819.16,0
2017-W47,SC,106,25498.18,0
2017-W47,BA,21,8484.65,0
2017-W47,DF,29,3022.25,0
2017-W47,MT,9,1420.52,0
2017-W47,PE,4,1345.2,0
2017-W47,ES,7,676.14,0
2017-W47,PB,1,528.25,0
2017-W47,RO,1,403.8,0
2017-W47,GO,3,299.12,0
2017-W47,MS,2,267.18,0
2017-W47,RN,1,259.91,0
2017-W47,CE,1,259.59,0
2017-W47,PA,2,209.54,0
2017-W47,SE,1,199.49,0
2017-W48,SP,1491,272826.17,1
2017-W48,PR,144,30903.48,0
2017-W48,RJ,114,28343.3,0
2017-W48,MG,163,27064.02,0
2017-W48,SC,64,16843.57,0
2017-W48,BA,25,9078.72,0
2017-W48,RS,37,7540.99,0
2017-W48,DF,18,3510.41,0
2017-W48,GO,15,1873.18,0
2017-W48,PE,3,792.75,0
2017-W48,ES,7,717.09,0
2017-W48,MT,2,637.5,0
2017-W48,RO,1,403.8,0
2017-W48,SE,1,211.12,0
2017-W48,RN,2,84.54,0
2017-W49,SP,1153,192873.19,0
2017-W49,PR,143,29376.59,0
2017-W49,MG,129,25727.09,0
2017-W49,RJ,107,25372.14,1
2017-W49,SC,56,15743.74,0
2017-W49,BA,18,10608.36,0
2017-W49,RS,34,8487.68,0
2017-W49,DF,13,2049.81,0
2017-W49,ES,7,1713.76,0
2017-W49,PB,1,1444.62,0
2017-W49,GO,2,380.04,0
2017-W49,RN,2,303.46,0
2017-W49,MT,2,190.85,0
2017-W49,PA,1,54.1,0
2017-W50,SP,995,178969.45,2
2017-W50,PR,99,23809.38,0
2017-W50,SC,55,16083.34,0
2017-W50,MG,104,15198.98,1
2017-W50,RJ,82,13367.44,0
2017-W50,BA,8,12668.56,0
2017-W50,RS,34,7724.85,0
2017-W50,MT,7,1105.56,0
2017-W50,GO,5,920.9,0
2017-W50,DF,8,700.78,0
2017-W50,ES,4,485.29,0
2017-W50,PE,2,210.74,0
2017-W50,RO,1,105.94,0
2017-W50,RN,1,42.27,0
2017-W51,SP,724,124695.53,3
2017-W51,PR,74,15387.28,0
2017-W51,SC,31,12354.22,0
2017-W51,MG,72,9735.76,0
2017-W51,RJ,33,4900.8,0
2017-W51,RS,15,3587.99,0
2017-W51,RN,5,2257.51,0
2017-W51,BA,4,2217.25,0
2017-W51,DF,8,976.83,0
2017-W51,PB,1,739.72,0
2017-W51,PE,2,595.18,0
2017-W51,GO,4,508.87,0
2017-W51,MT,1,82.59,0
2017-W52,SP,637,94375.92,0
2017-W52,MG,77,12539.28,0
2017-W52,PR,50,9907.57,0
2017-W52,RJ,40,7425.95,1
2017-W52,BA,7,4112.28,0
2017-W52,RS,19,3541.65,0
2017-W52,SC,20,2859.23,0
2017-W52,DF,11,1920.72,0
2017-W52,CE,1,719.96,0
2017-W52,ES,5,497.32,0
2017-W52,GO,4,389.05,0
2017-W52,PE,1,144.56,0
2017-W52,RN,2,84.54,0
2018-W01,SP,1008,171194.17,0
2018-W01,PR,119,27344.36,0
2018-W01,MG,86,23789.42,1
2018-W01,RJ,71,15825.23,0
2018-W01,SC,40,8541.35,0
2018-W01,RS,25,7239.56,0
2018-W01,BA,6,3486.01,0
2018-W01,DF,10,1696.32,0
2018-W01,GO,5,998.11,0
2018-W01,MS,2,727.28,0
2018-W01,PI,1,553.46,0
2018-W01,ES,3,514.04,0
2018-W01,RN,5,286.46,0
2018-W01,MT,2,261.25,0
2018-W01,PA,1,236.29,0
2018-W01,RO,1,90.61,0
2018-W01,CE,1,86.43,0
2018-W01,PE,1,58.56,0
2018-W02,SP,1297,225409.42,0
2018-W02,PR,153,47135.97,0
2018-W02,RJ,66,29117.68,0
2018-W02,MG,122,22436.2,0
2018-W02,SC,54,17294.37,0
2018-W02,RS,25,10396.7,0
2018-W02,BA,8,5260.85,0
2018-W02,ES,7,3935.71,0
2018-W02,DF,23,3476.75,0
2018-W02,GO,8,1891.84,0
2018-W02,MT,6,806.22,0
2018-W02,PE,8,761.98,0
2018-W02,SE,1,397.13,0
2018-W02,MS,1,234.16,0
2018-W02,RN,2,211.35,0
2018-W02,RO,1,165.54,0
2018-W02,CE,2,162.24,0
2018-W03,SP,1248,217282.66,1
2018-W03,PR,161,32618.01,0
2018-W03,MG,133,25936.87,1
2018-W03,RJ,68,13422.34,0
2018-W03,SC,60,11070.95,0
2018-W03,RS,23,7352.96,0
2018-W03,PE,15,3205.47,0
2018-W03,DF,18,3025.66,0
2018-W03,GO,7,1378.01,0
2018-W03,BA,2,971.68,0
2018-W03,CE,2,713.72,0
2018-W03,MT,3,682.27,0
2018-W03,MS,1,298.43,0
2018-W03,ES,2,234.54,0
2018-W03,MA,2,171.69,0
2018-W03,RN,3,126.81,0
2018-W04,SP,1148,207333.62,11
2018-W04,PR,127,24399.47,3
2018-W04,RJ,74,23660.99,0
2018-W04,MG,130,20550.85,4
2018-W04,SC,55,11360.91,0
2018-W04,RS,14,5211.32,0
2018-W04,DF,12,3869.26,0
2018-W04,GO,6,3131.92,0
2018-W04,BA,4,1462.13,0
2018-W04,PE,7,1263.83,0
2018-W04,MT,4,982.19,0
2018-W04,ES,4,673.59,0
2018-W04,MA,6,507.17,0
2018-W04,PI,1,319.94,0
2018-W04,RN,1,169.08,0
2018-W05,SP,1149,219118.55,19
2018-W05,PR,171,40713.69,3
2018-W05,MG,105,23339.53,3
2018-W05,RJ,63,19169.81,2
2018-W05,SC,47,8212.6,2
2018-W05,RS,16,4123.63,0
2018-W05,GO,7,2116.26,0
2018-W05,PE,10,1640.16,0
2018-W05,DF,13,1361.76,0
2018-W05,BA,3,1143.21,0
2018-W05,MT,5,1083.45,0
2018-W05,ES,7,646.43,0
2018-W05,PI,1,182.84,0
2018-W05,MA,3,178.88,0
2018-W05,MS,1,86.93,0
2018-W05,PA,1,34.1,0
2018-W06,SP,1084,184745.71,15
2018-W06,PR,206,48262.4,1
2018-W06,MG,92,21796.09,0
2018-W06,RJ,60,12399.8,0
2018-W06,SC,58,10293.76,2
2018-W06,PE,19,6543.44,0
2018-W06,RS,14,3879.23,0
2018-W06,BA,5,1547.28,0
2018-W06,DF,12,1388.43,0
2018-W06,GO,8,873.55,0
2018-W06,MA,5,630.59,0
2018-W06,MT,4,550.5,0
2018-W06,ES,4,302.77,0
2018-W07,SP,1114,172021.68,15
2018-W07,PR,211,47529.89,0
2018-W07,MG,114,27610.71,1
2018-W07,RJ,82,24820.9,1
2018-W07,SC,44,8582.48,0
2018-W07,RS,16,3470.87,0
2018-W07,DF,21,3053.32,0
2018-W07,PE,9,2224.3,0
2018-W07,CE,3,977.07,0
2018-W07,GO,8,974.24,0
2018-W07,MA,3,544.47,0
2018-W07,PI,2,429.81,0
2018-W07,ES,2,177.79,0
2018-W07,MS,1,173.82,0
2018-W07,MT,1,103.78,0
2018-W08,SP,1193,237169.69,16
2018-W08,PR,219,43422.97,2
2018-W08,MG,136,30781.51,4
2018-W08,SC,70,16244.28,0
2018-W08,RJ,64,10785.93,1
2018-W08,RS,18,5662.83,0
2018-W08,PE,25,5203.01,0
2018-W08,DF,10,1630.64,0
2018-W08,PB,1,1394.77,0
2018-W08,GO,7,842.51,0
2018-W08,PI,2,513.25,0
2018-W08,BA,3,331.57,0
2018-W08,MT,2,217.71,0
2018-W08,CE,3,204.39,0
2018-W08,RN,1,110.32,0
2018-W08,MA,1,76.68,0
2018-W09,SP,1320,258444.62,10
2018-W09,PR,227,49793.46,0
2018-W09,MG,130,20960.7,1
2018-W09,SC,66,20049.84,0
2018-W09,RJ,78,15544.93,1
2018-W09,RS,23,5423.03,0
2018-W09,PE,18,3470.58,0
2018-W09,DF,15,1832.45,0
2018-W09,MA,5,998.14,0
2018-W09,GO,7,915.56,0
2018-W09,BA,4,600.07,0
2018-W09,MT,3,434.12,0
2018-W09,CE,1,217.67,0
2018-W09,ES,2,205.33,0
2018-W10,SP,1207,259093.12,5
2018-W10,PR,137,28265.51,1
2018-W10,SC,74,20566.5,0
2018-W10,RJ,67,16307.39,0
2018-W10,MG,74,10974.1,0
2018-W10,PE,20,6713.61,0
2018-W10,RS,22,4549.32,0
2018-W10,PB,2,1610.3,0
2018-W10,GO,11,1560.51,0
2018-W10,BA,1,1069.22,0
2018-W10,MA,6,939.22,0
2018-W10,DF,10,773.84,0
2018-W10,MT,4,720.0,0
2018-W10,ES,5,469.89,0
2018-W10,RN,1,111.53,0
2018-W10,RO,1,103.47,0
2018-W11,SP,1193,221176.97,2
2018-W11,PR,112,25844.4,0
2018-W11,MG,95,22153.44,0
2018-W11,RJ,75,19353.55,0
2018-W11,SC,48,11259.52,0
2018-W11,RS,25,9734.62,0
2018-W11,DF,17,1876.3,0
2018-W11,GO,10,1352.98,0
2018-W11,PE,7,1244.68,0
2018-W11,ES,6,1028.31,0
2018-W11,PB,1,764.92,0
2018-W11,MA,4,350.09,0
2018-W11,PI,1,315.08,0
2018-W11,CE,1,173.49,0
2018-W11,MT,1,171.22,0
2018-W11,BA,1,104.9,0
2018-W12,SP,1297,228468.43,4
2018-W12,MG,100,41996.59,0
2018-W12,PR,136,26829.22,0
2018-W12,RJ,64,23396.8,0
2018-W12,SC,56,11727.49,0
2018-W12,RS,30,7475.72,0
2018-W12,PE,8,2844.62,0
2018-W12,ES,3,1464.86,0
2018-W12,DF,8,1317.2,0
2018-W12,MA,9,934.5,0
2018-W12,GO,6,843.6,0
2018-W12,RN,2,534.43,0
2018-W12,BA,3,460.47,0
2018-W12,MT,2,425.48,0
2018-W12,CE,2,254.3,0
2018-W13,SP,1082,223900.84,4
2018-W13,PR,119,26112.67,1
2018-W13,MG,97,18753.03,0
2018-W13,RJ,60,15054.3,0
2018-W13,SC,40,7069.18,0
2018-W13,RS,20,4995.6,0
2018-W13,ES,4,3674.83,0
2018-W13,DF,13,2780.33,0
2018-W13,PE,10,2397.62,0
2018-W13,MA,17,1961.8,0
2018-W13,BA,5,947.71,0
2018-W13,MT,4,575.33,0
2018-W13,GO,4,518.26,0
2018-W14,SP,1192,231975.16,2
2018-W14,PR,126,41408.54,0
2018-W14,RJ,75,18962.59,0
2018-W14,MG,98,18029.02,0
2018-W14,SC,35,7130.62,0
2018-W14,RS,34,6869.41,0
2018-W14,PE,13,4685.71,0
2018-W14,GO,9,2072.14,0
2018-W14,DF,8,1495.76,0
2018-W14,ES,6,1050.2,0
2018-W14,BA,2,943.56,0
2018-W14,MT,2,507.82,0
2018-W15,SP,1153,229381.01,5
2018-W15,PR,146,41998.94,0
2018-W15,RJ,67,23329.55,0
2018-W15,MG,92,16641.09,0
2018-W15,SC,41,14118.53,0
2018-W15,RS,31,7809.98,0
2018-W15,PE,5,2554.08,0
2018-W15,ES,6,1864.08,0
2018-W15,BA,5,1687.23,0
2018-W15,DF,6,1048.97,0
2018-W15,CE,2,749.96,0
2018-W15,GO,3,377.64,0
2018-W15,MT,2,282.29,0
2018-W15,MS,1,201.13,0
2018-W15,MA,2,160.36,0
2018-W15,RN,1,55.75,0
2018-W16,SP,1224,274618.96,3
2018-W16,PR,115,26659.94,1
2018-W16,MG,115,20177.6,0
2018-W16,RJ,72,18418.64,0
2018-W16,SC,56,12519.11,0
2018-W16,BA,7,5439.21,0
2018-W16,RS,31,5301.43,0
2018-W16,DF,13,2629.94,0
2018-W16,PE,9,1607.21,0
2018-W16,GO,8,974.71,0
2018-W16,MA,9,936.27,0
2018-W16,MT,2,257.26,0
2018-W16,ES,1,69.85,0
2018-W17,SP,1216,235024.38,6
2018-W17,PR,120,28020.44,0
2018-W17,MG,124,24025.18,1
2018-W17,RJ,74,14486.58,0
2018-W17,SC,43,12624.83,0
2018-W17,RS,28,5001.88,0
2018-W17,BA,3,3372.78,0
2018-W17,PE,14,3147.15,0
2018-W17,MA,21,2469.25,0
2018-W17,GO,8,1256.33,0
2018-W17,DF,16,1184.74,0
2018-W17,CE,1,629.27,0
2018-W17,PI,1,323.15,0
2018-W17,MT,2,267.76,0
2018-W17,ES,1,164.91,0
2018-W18,SP,1304,248655.63,3
2018-W18,PR,121,27418.94,0
2018-W18,RJ,72,20515.29,0
2018-W18,MG,106,16450.42,0
2018-W18,SC,45,13348.28,1
2018-W18,MA,35,4659.63,0
2018-W18,RS,22,4385.06,0
2018-W18,PE,14,2703.15,0
2018-W18,DF,10,1866.48,0
2018-W18,GO,6,828.2,0
2018-W18,ES,4,550.3,0
2018-W18,CE,2,531.64,0
2018-W18,BA,4,490.44,0
2018-W18,MT,2,272.09,0
2018-W19,SP,1386,293147.59,6
2018-W19,PR,129,32215.6,0
2018-W19,RJ,120,24476.73,0
2018-W19,SC,65,23274.03,2
2018-W19,MG,129,21785.54,0
2018-W19,RS,34,15349.88,0
2018-W19,PE,16,9544.84,0
2018-W19,BA,3,8019.25,0
2018-W19,MA,34,3758.54,0
2018-W19,GO,14,2952.44,0
2018-W19,DF,17,2625.19,0
2018-W19,PB,1,706.19,0
2018-W19,CE,1,703.81,0
2018-W19,ES,3,347.43,0
2018-W19,MS,2,271.65,0
2018-W20,SP,1362,275640.85,6
2018-W20,PR,98,26329.0,0
2018-W20,MG,143,25368.76,0
2018-W20,RJ,86,20276.84,0
2018-W20,SC,56,14675.41,0
2018-W20,RS,38,10124.38,0
2018-W20,PE,20,4146.09,0
2018-W20,GO,7,3018.87,0
2018-W20,BA,4,1622.12,0
2018-W20,PB,2,836.71,0
2018-W20,ES,4,621.89,0
2018-W20,DF,9,527.18,0
2018-W20,CE,1,491.84,0
2018-W20,MT,2,362.55,0
2018-W20,PI,1,131.56,0
2018-W21,SP,713,142901.26,7
2018-W21,GO,5,19492.92,0
2018-W21,RJ,49,15095.31,0
2018-W21,PR,58,13098.91,0
2018-W21,MG,60,9029.87,0
2018-W21,RS,22,6007.73,0
2018-W21,PE,14,4083.33,0
2018-W21,SC,18,3349.87,0
2018-W21,ES,1,1430.91,0
2018-W21,DF,4,414.27,0
2018-W21,MA,2,242.36,0
2018-W21,MS,1,161.46,0
2018-W22,SP,787,164246.8,2
2018-W22,RJ,64,27487.47,0
2018-W22,RS,20,22172.35,0
2018-W22,PR,65,19892.71,0
2018-W22,MG,68,16075.88,0
2018-W22,SC,39,12728.98,0
2018-W22,PE,9,4172.51,0
2018-W22,ES,2,1703.99,0
2018-W22,MA,12,1518.09,0
2018-W22,GO,4,663.92,0
2018-W22,DF,6,607.99,0
2018-W22,CE,1,472.72,0
2018-W23,SP,980,200334.9,2
2018-W23,PR,104,31971.52,0
2018-W23,RJ,95,23300.98,0
2018-W23,MG,108,22046.16,0
2018-W23,SC,62,11683.81,0
2018-W23,RS,25,5910.74,0
2018-W23,PE,13,5831.03,0
2018-W23,MA,28,4063.04,0
2018-W23,GO,7,1243.21,0
2018-W23,DF,9,1157.63,0
2018-W23,BA,2,366.1,0
2018-W23,ES,2,193.7,0
2018-W23,MT,1,90.77,0
2018-W23,PB,1,69.22,0
2018-W24,SP,1068,200722.35,1
2018-W24,MG,134,34347.33,1
2018-W24,PR,95,24563.01,0
2018-W24,RJ,93,23815.03,0
2018-W24,SC,45,9277.53,0
2018-W24,RS,29,8951.7,0
2018-W24,PE,7,3235.24,0
2018-W24,ES,5,2305.47,0
2018-W24,MA,11,1357.63,0
2018-W24,CE,2,1005.36,0
2018-W24,MT,5,1004.79,0
2018-W24,DF,11,862.65,0
2018-W24,GO,5,811.06,0
2018-W24,BA,2,727.77,0
2018-W25,SP,1046,170588.63,4
2018-W25,PR,99,30811.45,1
2018-W25,RJ,75,19908.39,0
2018-W25,MG,93,15814.73,1
2018-W25,SC,49,13178.53,0
2018-W25,RS,31,9293.64,0
2018-W25,BA,3,5808.41,0
2018-W25,MA,22,3172.68,0
2018-W25,DF,9,2366.3,0
2018-W25,ES,6,2076.7,0
2018-W25,PE,8,1599.22,0
2018-W25,GO,8,1332.9,0
2018-W25,CE,2,1094.3,0
2018-W25,MT,2,452.92,0
2018-W25,MS,1,211.07,0
2018-W26,SP,941,176776.5,4
2018-W26,PR,116,27955.92,0
2018-W26,MG,124,24251.38,4
2018-W26,RJ,64,10805.36,0
2018-W26,SC,55,9849.28,0
2018-W26,RS,30,9577.27,0
2018-W26,DF,11,3433.54,0
2018-W26,PE,6,2779.15,0
2018-W26,BA,8,2478.12,0
2018-W26,MA,17,2381.11,0
2018-W26,GO,6,2107.57,0
2018-W26,CE,3,1098.94,0
2018-W26,MT,2,716.82,0
2018-W26,ES,2,480.12,0
2018-W26,PB,3,433.62,0
2018-W27,SP,832,175249.48,7
2018-W27,PR,98,22789.62,0
2018-W27,MG,77,14337.86,3
2018-W27,SC,51,12921.06,0
2018-W27,RJ,58,8761.94,0
2018-W27,MA,28,3554.89,0
2018-W27,RS,23,2598.83,0
2018-W27,GO,7,2072.32,0
2018-W27,BA,3,1511.65,0
2018-W27,ES,4,717.02,0
2018-W27,DF,7,578.86,0
2018-W27,PE,3,553.9,0
2018-W27,CE,2,549.49,0
2018-W28,SP,648,129903.63,8
2018-W28,PR,81,18805.03,0
2018-W28,SC,39,13348.11,0
2018-W28,RJ,45,12746.48,0
2018-W28,MG,70,11846.86,0
2018-W28,RS,50,10974.94,1
2018-W28,MA,25,4853.27,0
2018-W28,BA,5,2538.55,0
2018-W28,DF,10,1720.03,0
2018-W28,CE,3,1611.13,0
2018-W28,PE,6,1190.53,0
2018-W28,GO,3,917.74,0
2018-W28,ES,2,576.95,0
2018-W28,PB,1,186.16,0
2018-W28,PI,1,94.65,0
2018-W29,SP,1155,196333.29,7
2018-W29,PR,122,32550.64,6
2018-W29,MG,124,25019.33,0
2018-W29,RJ,84,18729.62,0
2018-W29,SC,59,16857.02,0
2018-W29,RS,51,13503.77,0
2018-W29,PE,13,4295.84,0
2018-W29,MA,19,2527.46,0
2018-W29,DF,18,2184.49,0
2018-W29,BA,8,1867.85,0
2018-W29,GO,9,1108.11,0
2018-W29,PB,1,697.23,0
2018-W29,ES,2,532.17,0
2018-W29,CE,2,417.76,0
2018-W29,SE,2,363.96,0
2018-W29,MS,1,336.67,0
2018-W29,MT,1,218.62,0
2018-W29,RN,1,41.98,0
2018-W30,SP,1130,217081.93,21
2018-W30,PR,142,42168.21,0
2018-W30,MG,115,21865.0,0
2018-W30,RJ,82,21414.39,1
2018-W30,SC,59,20396.36,4
2018-W30,RS,49,15643.61,0
2018-W30,PE,9,5671.06,0
2018-W30,BA,14,3949.57,0
2018-W30,DF,15,1527.38,0
2018-W30,GO,8,1438.93,0
2018-W30,CE,2,775.72,0
2018-W30,ES,2,304.41,0
2018-W30,MT,3,289.5,0
2018-W30,PB,1,172.76,0
2018-W31,SP,1370,233979.69,38
2018-W31,RJ,125,29650.37,2
2018-W31,PR,175,28811.81,0
2018-W31,MG,145,24419.07,4
2018-W31,SC,81,23384.81,1
2018-W31,RS,52,16202.9,0
2018-W31,BA,27,10682.21,0
2018-W31,PE,13,5966.99,0
2018-W31,ES,6,2766.6,0
2018-W31,GO,17,2243.16,0
2018-W31,DF,12,1695.14,0
2018-W31,CE,2,1145.67,0
2018-W31,RN,2,800.56,0
2018-W31,MA,6,676.08,0
2018-W31,PB,2,461.28,0
2018-W31,MS,2,320.67,0
2018-W31,MT,2,217.51,0
2018-W32,SP,1354,241098.79,26
2018-W32,PR,154,42000.89,0
2018-W32,BA,34,37782.48,0
2018-W32,MG,127,26798.94,2
2018-W32,SC,77,23415.92,5
2018-W32,RJ,114,23396.06,3
2018-W32,RS,41,16148.68,0
2018-W32,MA,20,2986.93,0
2018-W32,GO,13,2732.59,0
2018-W32,DF,17,2479.22,0
2018-W32,PE,5,972.63,0
2018-W32,ES,4,737.37,0
2018-W32,CE,4,626.69,0
2018-W32,MT,2,507.31,0
2018-W32,PB,1,122.42,0
2018-W33,SP,1302,212221.43,25
2018-W33,RJ,110,29338.85,0
2018-W33,PR,129,23675.09,0
2018-W33,MG,122,18512.09,2
2018-W33,RS,53,10738.2,0
2018-W33,PE,10,8043.4,0
2018-W33,SC,41,6697.8,0
2018-W33,MA,33,4538.85,0
2018-W33,BA,11,4234.61,0
2018-W33,DF,21,2955.76,0
2018-W33,GO,10,1591.33,0
2018-W33,ES,6,1213.4,0
2018-W33,CE,2,990.28,0
2018-W33,MT,2,373.74,0
2018-W33,MS,1,119.64,0
2018-W33,PB,1,111.15,0
2018-W34,SP,815,119331.82,10
2018-W34,SC,42,10949.25,1
2018-W34,PR,63,10145.51,0
2018-W34,MG,65,9634.5,0
2018-W34,RJ,38,7333.85,0
2018-W34,RS,20,4696.75,0
2018-W34,BA,2,2965.5,0
2018-W34,PB,1,882.87,0
2018-W34,GO,5,814.54,0
2018-W34,MA,7,682.61,0
2018-W34,DF,5,639.89,0
2018-W34,PI,1,320.76,0
2018-W34,PE,1,195.61,0
2018-W34,RN,2,88.56,0
2018-W35,SP,99,10315.02,2
2018-W35,PR,5,1413.77,0
2018-W35,MG,4,699.53,0
2018-W35,RJ,4,492.59,0
2018-W35,SC,2,403.5,0
2018-W35,RS,2,185.48,0
2018-W36,SP,1,166.46,0
